<?xml version="1.0" encoding="utf-8" standalone="yes"?>
<rss version="2.0" xmlns:atom="http://www.w3.org/2005/Atom">
  <channel>
    <title>Findings on UVA Biocomplexity Institute</title>
    <link>/findings/</link>
    <description>Recent content in Findings on UVA Biocomplexity Institute</description>
    <generator>Hugo -- gohugo.io</generator>
    <language>en-us</language>
    
	<atom:link href="/findings/index.xml" rel="self" type="application/rss+xml" />
    
    
    <item>
      <title>General Overview of the Project</title>
      <link>/findings/general-overview/</link>
      <pubDate>Mon, 01 Jan 0001 00:00:00 +0000</pubDate>
      
      <guid>/findings/general-overview/</guid>
      <description>While this page is optional, it probably makes sense to have one weighted at the top (see the front matter at the top of this Rmd file) that gives a general overview of the project. This could be something like the final poster while the other pages highlight more in-depth observations. Here is a general schema of what should be covered throughout your website:
Main Findings [Here you will describe the results and include important visualizations from your project.</description>
    </item>
    
    <item>
      <title>Results Section One</title>
      <link>/findings/results-section-one/</link>
      <pubDate>Mon, 01 Jan 0001 00:00:00 +0000</pubDate>
      
      <guid>/findings/results-section-one/</guid>
      <description>/* this chunnk of code centers all of the headings */ h1, h2, h3 { text-align: center; }  Examples Page If you want to add in an image on an Rmd file, use this link here. It ends up being a little tricky, but as long as you have created a folder to insert your images, you can just use some markdown code or html to insert images in the format you want.</description>
    </item>
    
    <item>
      <title>Results Section Two</title>
      <link>/findings/results-section-two/</link>
      <pubDate>Mon, 01 Jan 0001 00:00:00 +0000</pubDate>
      
      <guid>/findings/results-section-two/</guid>
      <description>[Here you will describe the data discoversy process, the data used, and the methods employed for this single page. Since you already have a Project Overview and Data &amp;amp; Methods tabs, you probably want to keep this first paragraph fairly short and use the rest of the document to walk your readers through your analyses.]
Main Findings [Here you will describe the results and include important visualizations from your project.</description>
    </item>
    
    <item>
      <title>Results Section Three</title>
      <link>/findings/results-section-three/</link>
      <pubDate>Mon, 01 Jan 0001 00:00:00 +0000</pubDate>
      
      <guid>/findings/results-section-three/</guid>
      <description>[Here you will describe the data discoversy process, the data used, and the methods employed for this single page. Since you already have a Project Overview and Data &amp;amp; Methods tabs, you probably want to keep this first paragraph fairly short and use the rest of the document to walk your readers through your analyses.]
Main Findings [Here you will describe the results and include important visualizations from your project.</description>
    </item>
    
  </channel>
</rss>