<?xml version="1.0" encoding="utf-8" standalone="yes"?>
<rss version="2.0" xmlns:atom="http://www.w3.org/2005/Atom">
  <channel>
    <title>Tags on UVA Biocomplexity Institute</title>
    <link>/tags/</link>
    <description>Recent content in Tags on UVA Biocomplexity Institute</description>
    <generator>Hugo -- gohugo.io</generator>
    <language>en-us</language>
    
	<atom:link href="/tags/index.xml" rel="self" type="application/rss+xml" />
    
    
    <item>
      <title>app</title>
      <link>/tags/app/</link>
      <pubDate>Mon, 01 Jan 0001 00:00:00 +0000</pubDate>
      
      <guid>/tags/app/</guid>
      <description></description>
    </item>
    
    <item>
      <title>collapsibleTree</title>
      <link>/tags/collapsibletree/</link>
      <pubDate>Mon, 01 Jan 0001 00:00:00 +0000</pubDate>
      
      <guid>/tags/collapsibletree/</guid>
      <description></description>
    </item>
    
    <item>
      <title>geospatial</title>
      <link>/tags/geospatial/</link>
      <pubDate>Mon, 01 Jan 0001 00:00:00 +0000</pubDate>
      
      <guid>/tags/geospatial/</guid>
      <description></description>
    </item>
    
    <item>
      <title>networks</title>
      <link>/tags/networks/</link>
      <pubDate>Mon, 01 Jan 0001 00:00:00 +0000</pubDate>
      
      <guid>/tags/networks/</guid>
      <description></description>
    </item>
    
    <item>
      <title>R</title>
      <link>/tags/r/</link>
      <pubDate>Mon, 01 Jan 0001 00:00:00 +0000</pubDate>
      
      <guid>/tags/r/</guid>
      <description></description>
    </item>
    
  </channel>
</rss>