<?xml version="1.0" encoding="utf-8" standalone="yes"?>
<rss version="2.0" xmlns:atom="http://www.w3.org/2005/Atom">
  <channel>
    <title>collapsibleTree on UVA Biocomplexity Institute</title>
    <link>/tags/collapsibletree/</link>
    <description>Recent content in collapsibleTree on UVA Biocomplexity Institute</description>
    <generator>Hugo -- gohugo.io</generator>
    <language>en-us</language>
    
	<atom:link href="/tags/collapsibletree/index.xml" rel="self" type="application/rss+xml" />
    
    
    <item>
      <title>Results Section Two</title>
      <link>/findings/results-section-two/</link>
      <pubDate>Mon, 01 Jan 0001 00:00:00 +0000</pubDate>
      
      <guid>/findings/results-section-two/</guid>
      <description>[Here you will describe the data discoversy process, the data used, and the methods employed for this single page. Since you already have a Project Overview and Data &amp;amp; Methods tabs, you probably want to keep this first paragraph fairly short and use the rest of the document to walk your readers through your analyses.]
Main Findings [Here you will describe the results and include important visualizations from your project.</description>
    </item>
    
  </channel>
</rss>